Close,RSI_14,MACD,ATR,Bollinger_Width,Target,Date
1443.515869140625,47.31146134609665,5.91094413213159,40.042915955263865,0.07119329936591758,1430.88427734375,2024-06-21
1430.88427734375,42.55415549195945,3.912380507550324,35.26400307335842,0.07012883792527794,1443.46630859375,2024-06-24
1443.46630859375,48.50526721631326,3.288941273679029,25.614007527649328,0.06975003568359125,1502.9013671875,2024-06-25
1502.9013671875,67.0886568964064,7.429802468702064,27.514223636256833,0.07879171932403037,1519.304931640625,2024-06-26
1519.304931640625,70.48105209964277,11.877972020848802,28.12045407938209,0.08972104969303388,1553.89892578125,2024-06-27
1553.89892578125,76.40042174445502,17.94908018404044,28.471429114521534,0.10627597819661012,1548.6875,2024-06-28
1548.6875,73.82709964301934,22.089256085471334,28.361524883255324,0.11649498289967572,1553.6756591796875,2024-07-01
1553.6756591796875,74.765784590674,25.47354710351533,28.184265455931886,0.12697712182125265,1541.019287109375,2024-07-02
1541.019287109375,67.66140955713578,26.835024164715833,28.992570254484026,0.12316055239504076,1542.6075439453125,2024-07-03
1542.6075439453125,68.10031282530531,27.720699076806568,29.3151772810507,0.12206834195171726,1576.9532470703125,2024-07-04
1576.9532470703125,76.1702034455149,30.81282804397142,31.304023026460577,0.12809659799780868,1589.13818359375,2024-07-05
1589.13818359375,78.4063769908677,33.847278934289534,32.02901248091549,0.13929144012358213,1578.5911865234375,2024-07-08
1578.5911865234375,71.68770684167768,35.003486108027346,31.241986509356725,0.14534742199817158,1572.5855712890625,2024-07-09
1572.5855712890625,67.86680464294221,35.03429692574446,31.3554306704922,0.14629989186184925,1569.036865234375,2024-07-10
1569.036865234375,65.48702405322369,34.377572275746616,31.328841688266866,0.145824255480971,1584.9937744140625,2024-07-11
1584.9937744140625,70.79949461577397,34.735893121884146,32.31794702707051,0.14619626575054376,1585.4901123046875,2024-07-12
1585.4901123046875,70.95992566201654,34.65975270435388,32.70259488007586,0.14656156042821283,1564.669189453125,2024-07-15
1564.669189453125,56.05356194181772,32.55274624116851,29.655506679595224,0.14356570583140615,1575.0177001953125,2024-07-16
1575.0177001953125,60.77862067708959,31.352230517722546,29.979896859976538,0.13571786119213555,1543.7242431640625,2024-07-18
1543.7242431640625,44.19775125448757,27.56927685173605,29.038642907148397,0.1275788928456329,1489.6495361328125,2024-07-19
1489.6495361328125,28.626738298359555,19.995885512687664,31.31819853429077,0.11731264466591071,1476.96826171875,2024-07-22
1476.96826171875,26.135244072489215,12.826983466640286,33.17942261500131,0.10382507011222034,1484.7109375,2024-07-23
1484.7109375,30.40258375618049,7.679732894534482,33.24146340042465,0.09141465781909919,1481.4351806640625,2024-07-24
1481.4351806640625,29.568671702109995,3.2991706513139434,33.7165238003944,0.09591233253446513,1497.9381103515625,2024-07-25
1497.9381103515625,39.25419999296603,1.1419926870646577,31.7010890565417,0.0988742838637329,1508.9317626953125,2024-07-26
1508.9317626953125,45.06136487622573,0.3133902576730634,31.148041002763893,0.10108412828490437,1502.03271484375,2024-07-29
1502.03271484375,42.14407558173379,-0.8882267572168985,30.76515451777644,0.10394095997377241,1494.364501953125,2024-07-30
1494.364501953125,38.91316716919862,-2.4296995206861993,29.180456238503535,0.10722929215420628,1504.1671142578125,2024-07-31
1504.1671142578125,45.119072279848275,-2.82949116007444,27.758832044895517,0.10911707057169413,1488.3092041015625,2024-08-01
1488.3092041015625,37.9269442685435,-4.372782227231937,27.147299886940896,0.11269726796957895,1436.6912841796875,2024-08-02
1436.6912841796875,23.723811119883734,-9.641596431027892,30.389371108945234,0.12312748380066825,1445.3524169921875,2024-08-05
1445.3524169921875,28.880236243194133,-12.969920274997094,30.339751918858774,0.12605516629696706,1454.062744140625,2024-08-06
1454.062744140625,34.053439640334645,-14.736009518401715,28.948248923130386,0.12649890773052042,1438.478271484375,2024-08-07
1438.478271484375,29.607384507451897,-17.19295809418327,27.6648922865737,0.12866655878681948,1463.46826171875,2024-08-08
1463.46826171875,43.30336234503729,-16.931284997553348,25.644130343176375,0.12521239077082658,1449.8936767578125,2024-08-09
1449.8936767578125,38.59658935884465,-17.61470524331662,23.786455414515558,0.11748468821550521,1452.8717041015625,2024-08-12
1452.8717041015625,40.24079624658473,-17.71209323502353,22.29570173123292,0.10524709418787426,1451.1097412109375,2024-08-13
1451.1097412109375,39.518393754123665,-17.726902424464924,21.934094337383417,0.09566108095905991,1467.339599609375,2024-08-14
1467.339599609375,49.20926920554051,-16.243141289111236,21.953586048436932,0.07570818124629748,1482.4791259765625,2024-08-16
1482.4791259765625,56.68015436546928,-13.68900638121022,22.42936173454635,0.06282954967227666,1489.9990234375,2024-08-19
1489.9990234375,60.04815364970005,-10.932573276515996,22.470324371550436,0.06286396569402217,1492.7132568359375,2024-08-20
1492.7132568359375,61.30119617327525,-8.432056458719217,22.891186110071658,0.06388149042823581,1492.1654052734375,2024-08-21
1492.1654052734375,60.85666652099534,-6.420547203177648,23.047445139621782,0.06449207111206619,1494.008056640625,2024-08-22
1494.008056640625,61.928098323010055,-4.624530334142037,22.424880092622725,0.06541716870983412,1506.5828857421875,2024-08-23
1506.5828857421875,68.67883869575198,-2.1622518648107416,19.3780244980341,0.06675005059939801,1494.481201171875,2024-08-26
1494.481201171875,57.3807560797865,-1.1732660408526954,18.236291820899883,0.06454109511170818,1492.33984375,2024-08-27
1492.33984375,55.51612803144565,-0.5557760192837122,18.099749519330835,0.06324640850610141,1514.874755859375,2024-08-28
1514.874755859375,68.10243022208111,1.7310439409143328,19.80647359693275,0.06680999796822049,1503.6197509765625,2024-08-29
1503.6197509765625,58.55479603143397,2.605578917963612,20.455148443642916,0.06672138123129859,1510.2183837890625,2024-08-30
1510.2183837890625,62.14495069681758,3.787203041501243,20.71702920913981,0.06955078835546359,1503.1217041015625,2024-09-02
1503.1217041015625,56.113078626097156,4.1039319729709405,20.963608129407866,0.06623413490369126,1508.525146484375,2024-09-03
1508.525146484375,59.561384490025574,4.736184053658235,20.946665104347662,0.06438801122074969,1487.035888671875,2024-09-04
1487.035888671875,43.77732570226599,3.463936833017897,22.1170334418879,0.06163800796371697,1458.997802734375,2024-09-05
1458.997802734375,31.29277667322512,0.19178227883094223,22.848041173806696,0.05676224997149212,1456.63232421875,2024-09-06
1456.63232421875,30.447509584435508,-2.5626874392507943,22.76267103943956,0.057938396388737975,1455.7110595703125,2024-09-09
1455.7110595703125,30.082356463150944,-4.7650039679335805,22.520786970423583,0.05665676470674943,1445.7259521484375,2024-09-10
1445.7259521484375,26.158977590301035,-7.23247612577029,22.901407986745394,0.05838955417417473,1473.913330078125,2024-09-11
1473.913330078125,48.17495345605589,-6.835238053160765,24.816972567383914,0.05474188706891618,1466.766845703125,2024-09-12
1466.766845703125,44.310135894284194,-7.016075116325283,24.14998983096104,0.05482046645096877,1465.4969482421875,2024-09-13
1465.4969482421875,43.59308592620209,-7.179079131354683,24.301171717273537,0.0562609880767033,1466.4432373046875,2024-09-16
1466.4432373046875,44.36715669539259,-7.149500345590695,24.043273140248306,0.05738817103206819,1457.6282958984375,2024-09-17
1457.6282958984375,38.66419086967872,-7.747906838100789,22.510107284188457,0.059393068729442694,1463.82861328125,2024-09-18
1463.82861328125,44.458469946619914,-7.633915869960447,21.410920514983054,0.06017877164759225,1480.0140380859375,2024-09-19
1480.0140380859375,56.761542626373796,-6.166663918532549,21.77731215652812,0.059663383999658044,1487.434326171875,2024-09-20
1487.434326171875,61.296662193923474,-4.354985948242756,21.78264256001023,0.05758069607278335,1483.4501953125,2024-09-23
1483.4501953125,57.55663564408046,-3.2037321580762637,21.40024123237541,0.0568900308516957,1488.0069580078125,2024-09-24
1488.0069580078125,60.719533859669994,-1.901785996039962,19.804832645614834,0.05656922592972592,1491.9910888671875,2024-09-25
1491.9910888671875,63.46613809999934,-0.5422849041249265,18.422848762529433,0.05254953871112685,1520.1038818359375,2024-09-26
1520.1038818359375,76.71957790879044,2.7714088496968543,20.354412968493357,0.056450210504696875,1470.701171875,2024-09-27
1470.701171875,44.20409467746697,1.3954494093552512,23.00808935251936,0.05292933247522206,1458.997802734375,2024-09-30
1458.997802734375,39.614766203621855,-0.6320005491625125,23.287334596915116,0.051175421313993635,1401.3780517578125,2024-10-01
1401.3780517578125,24.9182890924899,-6.809316277961898,24.896970484989765,0.06354452266979989,1381.0093994140625,2024-10-03
1381.0093994140625,21.643243722091754,-13.196212219313793,26.4568068529589,0.08223549491069483,1365.272216796875,2024-10-04
1365.272216796875,19.37329901734749,-19.305097408946267,27.80677061877996,0.10225945361179507,1391.791259765625,2024-10-07
1391.791259765625,33.03016182861472,-21.755914985025584,29.58894192362462,0.11051698340279047,1369.1318359375,2024-10-08
1369.1318359375,28.30353179206871,-25.235614460868646,30.08873335323603,0.12303845246109932,1365.595947265625,2024-10-09
1365.595947265625,27.592594853088926,-27.956333773449842,29.777476492010596,0.13432465090248832,1366.6417236328125,2024-10-10
1366.6417236328125,28.2079909013772,-29.68593720918966,29.003784680059603,0.1424957453103011,1367.0650634765625,2024-10-11
1367.0650634765625,28.491864759709102,-30.668965726652686,28.736994990567513,0.1492978097143807,1338.678466796875,2024-10-14
1338.678466796875,21.817306654162934,-33.35399310440084,30.10297110252022,0.1606552029770937,1348.6884765625,2024-10-15
1348.6884765625,28.620949266650697,-34.27905499758754,30.819747842945567,0.16733735002688616,1351.0291748046875,2024-10-16
1351.0291748046875,30.258449232732417,-34.42645613275954,30.8517593620777,0.17264180104095758,1353.8927001953125,2024-10-17
1353.8927001953125,32.44603403941552,-33.92119355141813,29.829066893241134,0.17541896671182372,1363.7532958984375,2024-10-18
1363.7532958984375,39.932285751518144,-32.35219028762913,27.303445301604988,0.1731048891032407,1338.006103515625,2024-10-21
1338.006103515625,29.936978089918114,-32.80807069089133,28.06113524522893,0.17097021858156827,1333.2003173828125,2024-10-22
1333.2003173828125,28.405680286588577,-33.17471553548944,25.195798534223304,0.1675436979920755,1334.4703369140625,2024-10-23
1334.4703369140625,29.505199075669594,-32.982602306438366,24.12863217170614,0.1595066609725999,1322.5677490234375,2024-10-24
1322.5677490234375,25.303013401809864,-33.40568562943395,23.21976033961661,0.14782587750753837,1329.0418701171875,2024-10-25
1329.0418701171875,31.43195889494963,-32.84002568926235,22.864038201153953,0.11475391799006003,1334.66943359375,2024-10-28
1334.66943359375,36.64566453472706,-31.57368533654676,22.467402716253705,0.0923673572180021,1338.553955078125,2024-10-29
1338.553955078125,40.26334887179973,-29.911853033653188,23.04189919750476,0.06380651298118523,1326.7510986328125,2024-10-30
1326.7510986328125,33.547357230401545,-29.210492621741423,23.276672045375808,0.057636324472816025,1333.3248291015625,2024-10-31
1333.3248291015625,39.98106342586773,-27.8037184165255,23.13971625790693,0.05484814403350763,1296.9700927734375,2024-11-01
1296.9700927734375,24.713271775614558,-29.284741019589774,24.78137270739996,0.06345563812973058,1300.1075439453125,2024-11-04
1300.1075439453125,27.47128136243741,-29.861078697525954,24.56971969260878,0.06158023832309863,1320.0777587890625,2024-11-05
1320.0777587890625,42.847965980521096,-28.379282802175794,25.40212345387522,0.05970768558613128,1300.4561767578125,2024-11-06
1300.4561767578125,34.54494095751026,-28.46015575246497,25.092638126769575,0.06162705006743598,1278.6431884765625,2024-11-07
1278.6431884765625,27.667776024642748,-29.939232595076646,26.115345111270162,0.06829990810515568,1267.6370849609375,2024-11-08
1267.6370849609375,24.794088953221262,-31.634835455247412,24.921895564094388,0.07560405819713137,1269.1810302734375,2024-11-11
1269.1810302734375,26.037523400326762,-32.479625017906756,24.873878346984707,0.08411877842311097,1247.0693359375,2024-11-12
1247.0693359375,20.45017288233886,-34.535238353552586,25.25627955108384,0.09625615437885171,1262.5574951171875,2024-11-13
1262.5574951171875,32.207614902137976,-34.51668456918128,25.195808610095387,0.10008350574170514,1255.7347412109375,2024-11-14
1255.7347412109375,29.957103413617517,-34.65305617343711,25.060632567964976,0.10296803003514629,1236.710693359375,2024-11-18
1236.710693359375,24.458590751686927,-35.88256994993344,26.728974559378894,0.10602238333574682,1218.1348876953125,2024-11-19
1218.1348876953125,20.26741072691263,-37.91876636723259,26.874815444538772,0.11737974383765605,1260.3662109375,2024-11-21
1260.3662109375,44.99343722487162,-35.71309384705751,28.913103507782775,0.11667198167019063,1281.8802490234375,2024-11-22
1281.8802490234375,53.474407242395436,-31.861805939638316,30.986963683878393,0.1127697775983073,1290.545654296875,2024-11-25
1290.545654296875,56.58528420738503,-27.790063750617946,28.05225593973601,0.11023635491460629,1288.0555419921875,2024-11-26
1288.0555419921875,55.357988588344874,-24.48189688852267,27.65740085564284,0.10613799208512567,1265.7447509765625,2024-11-27
1265.7447509765625,45.218695969430186,-23.390802423318974,27.618259137414515,0.10077807057454112,1287.0595703125,2024-11-28
1287.0595703125,54.42117919894524,-20.569073966658152,28.04156847209614,0.09215513924952648,1303.9422607421875,2024-11-29
1303.9422607421875,60.48737542518966,-16.77715048662367,28.301232911841048,0.08745266277956147,1318.035888671875,2024-12-02
1318.035888671875,64.97723585211033,-12.490803702987023,28.358151921167227,0.08307852412236251,1303.742919921875,2024-12-03
1303.742919921875,57.35138322134062,-10.130385595288999,28.53956496953091,0.08400752921871313,1316.7908935546875,2024-12-04
1316.7908935546875,62.04362553407195,-7.124748391520825,28.386602745075574,0.08699384503075006,1306.3326416015625,2024-12-05
1306.3326416015625,56.31364607731384,-5.522984906223201,27.845906739527273,0.0841482220319349,1289.9979248046875,2024-12-06
1289.9979248046875,48.27824138258525,-5.508152929901826,27.34078303453592,0.08304938661868778,1279.73876953125,2024-12-09
1279.73876953125,43.75386779840013,-6.252153599682515,25.106860749375837,0.08305777491697325,1273.115234375,2024-12-10
1273.115234375,40.898632199713205,-7.29218243518244,24.199769284485974,0.08279379971210679,1257.876220703125,2024-12-11
1257.876220703125,34.85965365091046,-9.239563276447825,22.150806416974984,0.08380589190098339,1267.78662109375,2024-12-12
1267.78662109375,41.3572304942608,-9.869423042845938,21.905362674586545,0.08111310805579533,1263.2547607421875,2024-12-13
1263.2547607421875,39.28942240507358,-10.61194609414315,21.962273016266018,0.0810429965628723,1240.34619140625,2024-12-16
1240.34619140625,30.418545048416576,-12.900222214829682,22.506534206971423,0.08396083331541984,1248.2645263671875,2024-12-17
1248.2645263671875,36.16662191249493,-13.91435890941284,21.919592707178108,0.08138073712422247,1225.55517578125,2024-12-18
1225.55517578125,28.402331014748228,-16.361911761939837,21.60300022732341,0.0786624460408109,1200.50537109375,2024-12-19
1200.50537109375,22.30716247903844,-20.09132193662481,21.866239771272685,0.09538395370752088,1217.437744140625,2024-12-20
1217.437744140625,33.44660241720706,-21.433534499771213,22.015632660601504,0.10375102171815771,1217.8858642578125,2024-12-23
1217.8858642578125,33.736723838798824,-22.205121242061523,21.176133625324837,0.10979959152956752,1211.7105712890625,2024-12-24
1211.7105712890625,31.549877466781794,-23.049206352892952,20.439790545471592,0.11609392383724033,1216.1927490234375,2024-12-26
1216.1927490234375,35.074480541893436,-23.090305234049993,20.25837446386941,0.12129224067689177,1205.8837890625,2024-12-27
1205.8837890625,30.857766415474117,-23.681734232656254,19.774588869099016,0.12647804146197403,1210.6148681640625,2024-12-30
1210.6148681640625,34.99601124225384,-23.49781946912003,19.632285611474167,0.12639928689257776,1216.391845703125,2024-12-31
1216.391845703125,40.051245837333944,-22.625104095463712,19.685652627933255,0.11969838704031358,1236.860107421875,2025-01-01
1236.860107421875,54.51289431775028,-20.050722119396596,20.172990128670286,0.11268156584533462,1246.1729736328125,2025-01-02
1246.1729736328125,59.62605180515633,-17.0623517008803,19.52913821194857,0.09913816558305194,1213.15478515625,2025-01-03
1213.15478515625,40.84388493481321,-17.160521052527656,21.844892798171422,0.08833041401023614,1235.913818359375,2025-01-06
1235.913818359375,52.69512978421773,-15.226338461288151,21.91602947155684,0.07873902620191572,1260.4658203125,2025-01-07
1260.4658203125,62.13704051183283,-11.578870472929566,22.691516731710717,0.07371387259802722,1249.758544921875,2025-01-08
1249.758544921875,56.465783100803925,-9.443355914662106,22.510094870089493,0.06854933949273136,1236.959716796875,2025-01-09
1236.959716796875,50.15243210856579,-8.683604064648534,21.2828534290442,0.0658696835874193,1234.9178466796875,2025-01-10
1234.9178466796875,49.14102819150037,-8.15228259275591,21.06586819315664,0.059807672056886356,1233.822265625,2025-01-13
1233.822265625,48.535056302905836,-7.7304983229944355,22.029870035848848,0.0541532058775297,1247.2186279296875,2025-01-14
1247.2186279296875,56.16198067172752,-6.243288408373019,22.371360711227208,0.05523720259936343,1261.4119873046875,2025-01-15
1261.4119873046875,62.88590784586546,-3.874713446722126,23.24998699363128,0.058586550496881815,1297.169189453125,2025-01-16
1297.169189453125,74.3307807454233,0.8775894641025843,26.412361148266637,0.07644875274814669,1300.2568359375,2025-01-17
1300.2568359375,75.09594409975031,4.837210588997095,26.611569009251898,0.08650416552406423,1268.6331787109375,2025-01-20
1268.6331787109375,55.53330464062894,5.361668683819289,28.610725748193822,0.08769356761787245,1272.0196533203125,2025-01-21
1272.0196533203125,56.91996671012999,5.981613316815128,27.881504110740448,0.08868516616533703,1258.6231689453125,2025-01-22
1258.6231689453125,49.8275214774522,5.330493205399762,27.113140722354665,0.0859527108327035,1241.34228515625,2025-01-23
1241.34228515625,42.032162755103904,3.3810782495261265,25.868113282544705,0.08312579158593857,1224.4595947265625,2025-01-24
1224.4595947265625,35.7308161258195,0.46846096672288695,25.853894279311344,0.07913724815077992,1229.4896240234375,2025-01-27
1229.4896240234375,38.88078432837222,-1.4175868952358996,25.57286612332135,0.07541572197760432,1230.585205078125,2025-01-28
1230.585205078125,39.62446464219616,-2.7917081166260687,25.074855217381323,0.07277461988979189,1248.0654296875,2025-01-29
1248.0654296875,50.67380871424847,-2.442050817148811,25.34875958501579,0.07217655394962119,1260.0673828125,2025-01-30
1260.0673828125,56.91985858309253,-1.1828525243497552,25.288288538369166,0.0724730034958456,1259.5693359375,2025-01-31
1259.5693359375,56.576828142960075,-0.22255158574830602,25.53374190623843,0.06696811606161604,1240.94384765625,2025-02-01
1240.94384765625,44.90051945948302,-0.9534366135280834,26.15980844137003,0.06637842051354474,1280.08740234375,2025-02-03
1280.08740234375,63.278220776833415,1.6073604597127087,27.525784070611703,0.06896761340233279,1273.115234375,2025-02-04
1273.115234375,59.21884633658479,3.0391811701281313,24.27092733872616,0.07017551125908458,1276.4520263671875,2025-02-05
1276.4520263671875,60.61410513800317,4.392526289252373,24.406103504280964,0.07029942386166674,1261.6610107421875,2025-02-06
1261.6610107421875,51.58693272037659,4.222872161695022,22.90494908963844,0.06831666842547678,1248.6629638671875,2025-02-07
1248.6629638671875,44.818835105584064,3.0049472145476557,23.399393043233935,0.06623920288981956,1229.937744140625,2025-02-10
1229.937744140625,36.79453812277701,0.5227384922411602,24.729799121358806,0.06900044965742212,1211.7105712890625,2025-02-11
1211.7105712890625,30.634333225910865,-2.881988447451022,25.583535263344547,0.07654390490261245,1211.2623291015625,2025-02-12
1211.2623291015625,30.48948830819323,-5.5524235874358965,24.85074100475265,0.07637182344694517,1212.40771484375,2025-02-13
1212.40771484375,31.445184262876566,-7.489999568934763,24.302932243048854,0.07204502181269401,1220.02734375,2025-02-14
1220.02734375,37.98950280705534,-8.314853695854026,24.893434415531583,0.07269984911761172,1220.525390625,2025-02-17
1220.525390625,38.4327647234706,-8.826620527500609,24.125079784206232,0.07166961214990991,1222.567138671875,2025-02-18
1222.567138671875,40.446410095852585,-8.96411469747477,23.925871921158222,0.07189835576164426,1228.0950927734375,2025-02-19
1228.0950927734375,45.967197419536504,-8.528706520009337,23.057904750140292,0.07244944500183105,1223.264404296875,2025-02-20
1223.264404296875,42.03780326834962,-8.475735570514416,22.403384754178205,0.07259380462755068,1209.718505859375,2025-02-21
1209.718505859375,32.92996142127497,-9.418228984173993,20.606992245039788,0.07548427228797396,1199.21044921875,2025-02-24
1199.21044921875,27.581221717658607,-10.887569007067441,21.012511998018617,0.08061190533243709,1202.298095703125,2025-02-25
1202.298095703125,31.361147958177682,-11.668378497455251,20.777731895262622,0.08399706638157553,1195.325927734375,2025-02-27
1195.325927734375,27.606785871050818,-12.703335172010839,20.944919503515376,0.0864361907726714,1166.5906982421875,2025-02-28
1166.5906982421875,17.591816494314514,-15.661700265216268,23.029452202669827,0.09584630132116871,1157.2779541015625,2025-03-03
1157.2779541015625,15.49042052493354,-18.543923707388785,21.606554914676376,0.10794842769177392,1170.9234619140625,2025-03-04
1170.9234619140625,29.689966319128345,-19.502218697865374,20.50381327877197,0.10510495369450462,1204.7882080078125,2025-03-05
1204.7882080078125,52.52989461013181,-17.3293109420149,22.093889390418944,0.09625407900536002,1244.828369140625,2025-03-06
1244.828369140625,67.10712840627178,-12.235318448203998,23.98989049641073,0.08692655942299295,1233.4736328125,2025-03-07
1233.4736328125,60.97981403643838,-9.01065577507029,23.961430978780168,0.08000447762730421,1242.3382568359375,2025-03-10
1242.3382568359375,63.94529176472104,-5.674375642919131,24.384736812249052,0.07841845586299336,1252.0494384765625,2025-03-11
1252.0494384765625,67.10531799677202,-2.221134559528764,24.65508905889411,0.08308041522036103,1242.9359130859375,2025-03-12
1242.9359130859375,61.28869013462743,-0.21729658536855823,24.864970407981705,0.086166194508824,1233.9217529296875,2025-03-13
1233.9217529296875,55.77155220980194,0.6360599624938459,25.323857115343213,0.08743308622383675,1233.9217529296875,2025-03-17
1233.9217529296875,55.77155220980193,1.297395605704878,24.068154546648575,0.08854119623700199,1242.1888427734375,2025-03-18
1242.1888427734375,60.15149769943749,2.4602338742652137,23.708871737783365,0.09062303899218169,1264.101318359375,2025-03-19
1264.101318359375,69.41478673554943,5.091256375324974,24.52703209016605,0.09702888007175145,1271.2725830078125,2025-03-20
1271.2725830078125,71.88295675395437,7.666645464345265,23.659070365702355,0.10428089238989245,1296.920166015625,2025-03-21
1296.920166015625,78.9071618092784,11.642992287294874,22.179272842451837,0.11787999272412902,1280.33642578125,2025-03-24
1280.33642578125,66.51057360534499,13.30276061922632,22.936962764452087,0.12446253513217255,1267.98583984375,2025-03-25
1267.98583984375,58.59954462277032,13.466318582938356,22.869378972441478,0.1267969001936062,1273.115234375,2025-03-26
1273.115234375,60.83208433366666,13.850182433096279,21.115667173339585,0.12776200415203467,1270.027587890625,2025-03-27
1270.027587890625,58.63590851219137,13.746785646862008,19.803046918236273,0.12759929787792187,1247.6170654296875,2025-03-28
1247.6170654296875,45.023235134584105,11.72138426882816,20.229913426979383,0.12343431793527869,1246.1729736328125,2025-04-01
1246.1729736328125,44.2592679257492,9.885756103283484,19.653645345090922,0.109856326171253,1243.732666015625,2025-04-02
1243.732666015625,42.84183105451491,8.14025928608089,19.635859354788522,0.08795083685549078,1199.9075927734375,2025-04-03
1199.9075927734375,25.75203132698003,3.1839210914172327,22.14369921152203,0.07572355607492938,1161.062744140625,2025-04-04
1161.062744140625,18.29019187930446,-3.834268208729327,26.80721056906561,0.09411258539648186,1177.4971923828125,2025-04-07
1177.4971923828125,28.415801429973683,-7.978144094299523,29.176314895344863,0.10694282544701543,1180.6346435546875,2025-04-08
1180.6346435546875,30.317921111730826,-10.883570474981525,29.69923339572667,0.11638056233698647,1214.1009521484375,2025-04-09
1214.1009521484375,47.49055296430586,-10.366195362862527,30.513842467822915,0.11815558435461006,1235.1668701171875,2025-04-11
1235.1668701171875,55.46246380898687,-8.16223912822602,31.95097041007471,0.11791809143225347,1234.3701171875,2025-04-15
1234.3701171875,55.09741795343905,-6.406034458508884,30.688155638466405,0.11796937718611852,1269.4300537109375,2025-04-16
1269.4300537109375,66.34449632500976,-2.16028334254338,32.64462747519745,0.11977753045849146,1290.346435546875,2025-04-17
1290.346435546875,71.29402700866179,2.859321728675013,33.27425383112484,0.12460436748843014,1286.0635986328125,2025-04-21
1286.0635986328125,68.90004802401556,6.417825074357779,33.55171890789266,0.1281071635447035,1294.82861328125,2025-04-22
1294.82861328125,71.18489154086792,9.831892109386672,33.11417901021439,0.13219685881584425,1296.4222412109375,2025-04-23
1296.4222412109375,71.62226920494416,12.521813613907625,32.089697635503704,0.13573707612983782,1295.22705078125,2025-04-24
1295.22705078125,70.69369818655457,14.391260415298575,33.9003198888214,0.13542346028913135,1363.35498046875,2025-04-25
1363.35498046875,84.18195533512247,21.1266303763407,37.84527497914405,0.156838686246604,1394.1319580078125,2025-04-28
1394.1319580078125,87.24255886618117,28.618013815931135,36.88837806477549,0.18570016834570272,1399.410888671875,2025-04-29
1399.410888671875,87.71306546502888,34.58231139115401,33.583723617480864,0.20985008108593606,1414.152099609375,2025-04-30
1414.152099609375,89.0180804895453,40.037030744956155,32.75845254437646,0.23359128452786734,1425.6063232421875,2025-05-02
1425.6063232421875,89.9729129135685,44.76813604559493,32.609040206207624,0.254490227797871,1415.2476806640625,2025-05-05
1415.2476806640625,82.48897926624613,47.138333827988845,31.477842504013633,0.26775676728479664,1400.4068603515625,2025-05-06
1400.4068603515625,72.517412282787,47.274254302478084,30.741497293427056,0.2744394652080655,1401.4029541015625,2025-05-07
1401.4029541015625,72.77231148140136,46.921467231848965,31.516973299186038,0.2716858879473584,1371.721435546875,2025-05-08
1371.721435546875,55.176822446663884,43.74259306643353,30.086972999381164,0.25135195514230463,1430.7855224609375,2025-05-09
1430.7855224609375,71.17782531136388,45.465196098498154,32.07189966864545,0.23900231990845883,1410.0682373046875,2025-05-12
1410.0682373046875,62.19239103066035,44.644031043018,33.33115243481858,0.21759813013714113,1418.7337646484375,2025-05-13
1418.7337646484375,64.36358406200739,44.18317135919324,32.890060439042294,0.20206160450232866,1448.4151611328125,2025-05-14
1448.4151611328125,70.9556077243393,45.68633375927311,35.34455192728866,0.19267025842875415,1450.6064453125,2025-05-15
1450.6064453125,71.40617461894973,46.51818641439786,33.67977051248901,0.1775881891266049,1435.0684814453125,2025-05-16
1435.0684814453125,63.36384582635809,45.40030535023743,29.695694355639507,0.1655476234260473,1418.932861328125,2025-05-19
1418.932861328125,55.82944336841156,42.719918236073,28.35106320317797,0.15397140137443677,1423.5145263671875,2025-05-20
1423.5145263671875,57.485700991235724,40.49855211548356,26.55110567256119,0.13803739292376138,1403.79345703125,2025-05-21
1403.79345703125,48.460831837367294,36.723452876860165,27.30522560265576,0.11975504967602452,1421.124267578125,2025-05-22
1421.124267578125,55.53865911443581,34.7297679564856,27.838819644903815,0.09705811392315569,1429.0924072265625,2025-05-23
1429.0924072265625,58.55785149548614,33.40761834145019,27.447525285928855,0.06234006737918972,1416.44287109375,2025-05-26
1416.44287109375,52.079817083522855,30.981952731528963,27.54712062790431,0.05242495669487618,1407.279541015625,2025-05-27
1407.279541015625,47.671771794749134,27.997453883239587,26.771644639225524,0.05068316320748855,1412.1600341796875,2025-05-28
1412.1600341796875,50.25908300242792,25.7294390961481,25.27049790889261,0.04941962659871486,1415.2476806640625,2025-05-29
1415.2476806640625,51.99184696231961,23.9055994343164,22.360693786911025,0.04938933275414974,1408.0762939453125,2025-05-30
1408.0762939453125,47.552468560629684,21.632160309505707,21.649255141376198,0.04949466342409124,1399.908935546875,2025-06-02
1399.908935546875,42.75511848465397,18.952928299090672,22.268208210625858,0.05067142435344027,1417.8372802734375,2025-06-03
1417.8372802734375,54.40565259078387,18.068008459073326,20.24057960373219,0.04955273542798609,1436.662109375,2025-06-04
1436.662109375,63.42428613811169,18.670487732223137,21.485606301146422,0.04982990823237145,1437.7576904296875,2025-06-05
1437.7576904296875,63.90374708171117,19.017143341079645,21.222363452093354,0.04011097957284588,1443.0367431640625,2025-06-06
1443.0367431640625,66.35580097630786,19.49314104934433,20.56784450672082,0.041900155113356166,1432.777587890625,2025-06-09
1432.777587890625,57.58427238255833,18.825535516496757,20.553619103286874,0.041451735735890165,1443.13623046875,2025-06-10
1443.13623046875,63.24477081644317,18.91427719323815,20.397110662679406,0.04297540179904103,1435.865234375,2025-06-11
1435.865234375,57.07572289573906,18.188234349183176,20.069839240317947,0.04083062059834894,1422.2198486328125,2025-06-12
1422.2198486328125,47.122539232182234,16.323603237395673,20.88087400361165,0.037019667756481696,1432.0804443359375,2025-06-13
1432.0804443359375,53.83509336265668,15.463286174596988,20.518039112034362,0.03666420267467988,1425.506591796875,2025-06-16
1425.506591796875,49.045676382125855,14.088618915226334,21.25082144482261,0.036596640062994845,1424.4110107421875,2025-06-17
1424.4110107421875,48.22073429549129,12.763649566177946,21.656349878749683,0.03660327128104302,1427.598388671875,2025-06-18
1427.598388671875,50.98806785913691,11.834377237881654,21.179685690061483,0.03430900381609523,1460.367431640625,2025-06-19
1460.367431640625,70.00478926393218,13.585504884030343,22.431829096237234,0.040898038778373585,1451.0048828125,2025-06-20
1451.0048828125,62.06581283384371,14.055780428162734,22.51008900932303,0.043678871579884045,1445.0286865234375,2025-06-23
1445.0286865234375,57.28139591464011,13.78731648754706,23.34248757563463,0.04431943280455021,1461.463134765625,2025-06-24
1461.463134765625,65.67681425747577,14.730871191603455,22.659509704267016,0.04626198882089273,1489.3516845703125,2025-06-25
1489.3516845703125,75.21447898913357,17.52697789622175,24.025487893719564,0.05670149276832023,1509.3717041015625,2025-06-26
1509.3717041015625,79.85188702951515,21.114960742432004,24.92901250308429,0.0711747454898925,1494.630615234375,2025-06-27
1494.630615234375,68.89955395546588,22.509504763746918,25.704488600099776,0.0752692404083974,1522.320068359375,2025-06-30
1522.320068359375,76.02627423139586,25.554422924030632,25.789867973720074,0.08334043484753287,1512.75830078125,2025-07-01
1512.75830078125,69.66546532064736,26.886061984450862,25.697385529241924,0.08848176438926163,1511.76220703125,2025-07-02
1511.76220703125,68.97183137679562,27.54351460176713,25.09978402767719,0.09379119503579605,1521.2244873046875,2025-07-03
1521.2244873046875,72.02484534282335,28.49955237668928,24.72983652784595,0.09973427942979181,1535.367919921875,2025-07-04
1535.367919921875,76.0834608300744,30.052054632700447,24.559096904255316,0.10764524928833817,1531.4833984375,2025-07-07
1531.4833984375,72.73916761424115,30.6160526392905,24.388348558904323,0.11140227861599634,1512.9573974609375,2025-07-08
1512.9573974609375,58.57165400700967,29.231172906897427,26.287901283146912,0.11197400519978816,1511.16455078125,2025-07-09
1511.16455078125,57.32490781082829,27.670015285627642,24.459484225208257,0.11046278343807582,1489.2520751953125,2025-07-10
1489.2520751953125,44.089860711714444,24.383554535260828,24.651567318727157,0.10397537755340554,1477.7977294921875,2025-07-11
1477.7977294921875,38.70062855213285,20.61707987950581,23.868978665967234,0.09870712347212324,1479.4910888671875,2025-07-14
1479.4910888671875,39.952641528148646,17.56626851952865,23.33538935191879,0.09103930747038523,1479.690185546875,2025-07-15
1479.690185546875,40.11856498819235,14.991728659013916,22.325133284329777,0.08170696505860969,1470.52685546875,2025-07-16
1470.52685546875,34.98485648647144,12.072815216110484,21.54254443296395,0.07249694913973913,1470.12841796875,2025-07-17
1470.12841796875,34.76168361574611,9.616551091715792,20.61055407842639,0.0710179330036128,1422.9169921875,2025-07-18
1422.9169921875,18.567689348251562,3.8163836831015487,22.14727193691814,0.0790324792022036,1407.179931640625,2025-07-21
1407.179931640625,15.746338102935951,-2.0267766228964774,22.140159193879136,0.09021081616451812,1418.932861328125,2025-07-22
1418.932861328125,25.501157831289518,-5.644098407549336,21.734626697189924,0.09876565574425089,1397.3192138671875,2025-07-23
1397.3192138671875,20.47176478000732,-10.138027826482812,22.85870474431413,0.1132561065717607,1386.1636962890625,2025-07-24
1386.1636962890625,18.320018085452034,-14.433278456349626,22.787560154499374,0.1267559960223367,1382.080078125,2025-07-25
1382.080078125,17.541264485576022,-17.959780216975787,23.363828262981606,0.13921868701859655,1411.4627685546875,2025-07-28
1411.4627685546875,39.051000831217394,-18.174120761942277,23.10058873725588,0.14047699498134816,1404.4906005859375,2025-07-29
1404.4906005859375,36.44787692385406,-18.691123240405204,23.442085454242683,0.14254947830080153,1384.669677734375,2025-07-30
1384.669677734375,29.90819269605447,-20.464334147679438,23.513243475886156,0.14655041703405763,1388.15576171875,2025-07-31
1388.15576171875,32.37072072934558,-21.342297997673768,23.563041109191108,0.1460203310465231,1405.885009765625,2025-08-01
1405.885009765625,43.93031118952607,-20.372645352231302,24.29583215360365,0.1371360967715829,1386.1636962890625,2025-08-04
1386.1636962890625,36.02669953084874,-20.953989279391863,24.573299306085833,0.12850908312315878,1387.259521484375,2025-08-05
1387.259521484375,36.75621170134255,-21.08325001267667,24.3527533723435,0.12122363535469188,1383.8729248046875,2025-08-06
1383.8729248046875,35.319980545170225,-21.214413570035504,25.206477777198206,0.11145846846982138,1362.35888671875,2025-08-07
1362.35888671875,27.45607323944391,-22.791636904495817,23.73378283858785,0.10842123008732259,1380.6856689453125,2025-08-08
1380.6856689453125,40.48125735436047,-22.305653904546944,24.132189929403207,0.10243385644932808,1374.9088134765625,2025-08-11
1374.9088134765625,37.99974370721256,-22.13153428209648,25.09265250045923,0.09405106252049612,1377.0999755859375,2025-08-12
1377.0999755859375,39.6196475380548,-21.56811099900665,24.07529106062311,0.08150951098399233,1373.800048828125,2025-08-13
1373.800048828125,37.89896483196903,-21.144134082689106,23.494913597805116,0.06813519871644594,1381.699951171875,2025-08-14
1381.699951171875,44.55092746799448,-19.940808003081884,23.379958294866356,0.04629302505966186,1420.0999755859375,2025-08-18
1420.0999755859375,65.36101191372283,-15.707535674041083,23.54053533946413,0.04547649003199746,1413.0,2025-08-19
1413.0,60.51570888993564,-12.778245882653437,23.039645366027912,0.04652596608593288,1424.800048828125,2025-08-20
1424.800048828125,65.43015387632235,-9.39628279619069,22.404711501488464,0.04817204238839499,1409.199951171875,2025-08-21
1409.199951171875,54.989628815756404,-7.883968706195219,22.07513823878511,0.04938655535882282,1412.5999755859375,2025-08-22
1412.5999755859375,56.72612106609688,-6.3380344236679775,21.324930271539156,0.050902163238506846,1384.9000244140625,2025-08-25
1384.9000244140625,41.62882217537917,-7.264286752501448,21.87443254495778,0.05066106868660849,1385.9000244140625,2025-08-26
1385.9000244140625,42.268844785764294,-7.827427047143146,22.81372525967996,0.04938361646073897,1357.199951171875,2025-08-28
1357.199951171875,31.009320886702227,-10.468896914997913,24.664456727960637,0.053493097252326684,1353.9000244140625,2025-08-29
1353.9000244140625,29.950852152118017,-12.682362941262,23.98789366222109,0.058279793130027714,1366.5,2025-09-01
1366.5,39.107983524950384,-13.266905360213514,24.266932015262764,0.059976586791875355,1372.5999755859375,2025-09-02
1372.5999755859375,43.251928638527474,-13.087082646153476,23.510227676360532,0.05931879016732428,1359.300048828125,2025-09-03
1359.300048828125,36.929348489290355,-13.858018179677174,23.700003487723215,0.06172139178341366,1375.0,2025-09-04
1375.0,47.40196789278751,-13.051683610413875,24.49285888671875,0.061979618047344844,1378.5,2025-09-05
1378.5,49.556489983483075,-11.992000587653592,23.957144601004465,0.06207363997881136,1376.199951171875,2025-09-08
1376.199951171875,48.06364378670085,-11.208583304399326,22.042855398995535,0.06062672080336047,1377.0,2025-09-09
1377.0,48.6840755577699,-10.403240132604651,22.00714111328125,0.06076724620673701,1383.300048828125,2025-09-10
1383.300048828125,53.708633743811305,-9.151149819324473,21.407139369419642,0.06045572556597911,1395.0,2025-09-11
1395.0,61.736780037123516,-7.132551334305845,21.328569684709823,0.06060787032917786,1399.300048828125,2025-09-12
1399.300048828125,64.3580625333047,-5.1267218303037225,21.214285714285715,0.060715685281648994,1405.300048828125,2025-09-15
1405.300048828125,67.89869443918619,-3.018146329102592,19.700003487723215,0.061778664113918094,1413.800048828125,2025-09-16
1413.800048828125,72.38314532030358,-0.653670978258333,18.642857142857142,0.060456327036578716,1415.0,2025-09-17
1415.0,72.9975884372179,1.3020100422768337,15.628574916294642,0.060838489452690866,1407.4000244140625,2025-09-18
1407.4000244140625,62.78855781523928,2.2131351820828513,14.971435546875,0.0570937909427888,1390.5999755859375,2025-09-19
1390.5999755859375,46.27981893628605,1.5615839157899245,14.407148088727679,0.055100728309351754,1389.800048828125,2025-09-22
1389.800048828125,45.620820970724274,0.9695016277200921,14.564287458147321,0.0520996512592336,1383.0,2025-09-23
1383.0,40.02986285825646,-0.04788299597612422,14.471426827566964,0.052108475389224224,1372.4000244140625,2025-09-24
1372.4000244140625,32.799895415245885,-1.6900156339779642,14.028573172433036,0.05267137520383564,1377.5999755859375,2025-09-25
1377.5999755859375,39.0328041413491,-2.5425164319901796,14.25,0.049714298626750926,1372.800048828125,2025-09-26
1372.800048828125,35.523508753682194,-3.5643557566168056,14.857142857142858,0.045916846581642475,1364.0,2025-09-29
1364.0,29.84691296706508,-5.026320880358526,14.849993024553571,0.04640116072289067,1368.699951171875,2025-09-30
1368.699951171875,36.135957777185034,-5.7395302612558226,15.235709054129464,0.04694482070465153,1363.4000244140625,2025-10-01
1363.4000244140625,32.36121665634779,-6.655690967582132,15.157130650111608,0.04601076375595915,1375.0,2025-10-03
1375.0,46.480039793677584,-6.372278186850508,15.599984305245536,0.04601076375595915,1384.800048828125,2025-10-06
1384.800048828125,55.52899998206475,-5.2958423046966345,16.392839704241073,0.045764710057308984,1367.4000244140625,2025-10-07
1367.4000244140625,41.243194881498674,-5.780165514903501,17.364275251116073,0.046920658007083595,1377.800048828125,2025-10-08
1377.800048828125,50.0972419337398,-5.2641186122068575,17.457127162388392,0.04686015626990463,1381.699951171875,2025-10-09
1381.699951171875,53.1517699983339,-4.488715084242813,17.421412876674108,0.04690450056633876,1375.0,2025-10-10
1375.0,47.40044627467704,-4.364520788759592,16.792837960379465,0.04688967504727668,1375.9000244140625,2025-10-13
1375.9000244140625,48.26808552838375,-4.145682617800276,16.771414620535715,0.04605523750640644,1374.300048828125,2025-10-14
1374.300048828125,46.688391357549385,-4.054617344071858,16.464276994977677,0.04382400640334749,1398.300048828125,2025-10-15
1398.300048828125,65.96652622319803,-2.0225335274008103,17.228559221540177,0.03976810699403727,1416.800048828125,2025-10-16
1416.800048828125,74.24879292775931,1.0683872238641925,17.821419852120535,0.040461353001354984,1466.800048828125,2025-10-17
1466.800048828125,85.3595483733358,7.466477416747921,20.392848423549108,0.06702243956490361,1465.199951171875,2025-10-20
1465.199951171875,84.02092668815837,12.266494963759214,20.371425083705358,0.0849930336323959,1448.4000244140625,2025-10-21
1448.4000244140625,70.60683428879216,14.547238258216339,21.971426827566965,0.09343410350858525,1451.5999755859375,2025-10-23
1451.5999755859375,71.60321845332149,16.42363166492646,22.264290945870535,0.10089982964145985,1484.0999755859375,2025-10-24
1484.0999755859375,79.67672316204501,20.29916915833246,23.335719517299108,0.11459226111597895,1486.9000244140625,2025-10-27
1486.9000244140625,80.23533807189106,23.327595087793497,22.871433803013392,0.12582027061653478,1504.199951171875,2025-10-28
1504.199951171875,83.47367258977908,26.814503063489383,22.650006975446427,0.13800718694492736,1488.5,2025-10-29
1488.5,71.2495814234729,27.988414881865765,23.192862374441965,0.14174473227230877,1486.4000244140625,2025-10-30
1486.4000244140625,69.67484837630683,28.421670648588815,23.357142857142858,0.14351832153619343,1484.699951171875,2025-10-31
1484.699951171875,68.26547191401161,28.30160398896828,23.4857177734375,0.14199474177785062,1473.0999755859375,2025-11-03
1473.0999755859375,58.88745303443414,26.9596550893732,23.828578404017858,0.13919483252111564,1496.0999755859375,2025-11-04
1496.0999755859375,68.7187837244139,27.435795922005582,25.057146344866073,0.13965473422855215,1478.0,2025-11-06
1478.0,56.45931647753458,26.05230939459716,24.792864118303573,0.1324838250756254,1489.300048828125,2025-11-07
1489.300048828125,61.417643034124154,25.572917185399774,24.828578404017858,0.12683223774154273,1493.4000244140625,2025-11-10
1493.4000244140625,63.173345844019416,25.232959322537454,22.085728236607142,0.12041644701859934,1511.5,2025-11-11
1511.5,70.10329697457534,26.12292817390221,23.321437290736608,0.11198035611922769,1510.9000244140625,2025-11-12
1510.9000244140625,69.60234593454462,26.474638729524486,21.678571428571427,0.09968822132890785,1518.9000244140625,2025-11-13
1518.9000244140625,72.61327956725341,27.08666678615691,21.435712541852677,0.08234174112236936,1518.300048828125,2025-11-14
1518.300048828125,71.9961703844134,27.209634683658578,19.921421595982142,0.06835878064625554,1519.4000244140625,2025-11-17
1519.4000244140625,72.4907341915117,27.083643086748452,20.128566196986608,0.05681651746253629,1518.9000244140625,2025-11-18
1518.9000244140625,71.82543342364815,26.63640017649982,19.335710797991073,0.05767003136213734,1549.0999755859375,2025-11-19
1549.0999755859375,82.81636815736744,28.391560381024192,20.178571428571427,0.06457793228782015,1546.5999755859375,2025-11-20
1546.5999755859375,79.84136776031949,29.243705152306802,20.357151576450892,0.06405773910483593,1535.9000244140625,2025-11-21
1535.9000244140625,67.81142850894696,28.72452098900476,20.535723005022323,0.05937440600778378,1539.699951171875,2025-11-24
1539.699951171875,69.68322976793115,28.293535861809914,21.378574916294642,0.061248052121275924,1569.9000244140625,2025-11-25
1569.9000244140625,80.22724293043618,30.042558646298176,21.621433803013392,0.06987844491703132,1563.4000244140625,2025-11-26
1563.4000244140625,73.84873182459773,30.55199178347516,21.407148088727677,0.07591278058771432,1567.5,2025-11-27
1567.5,75.27919249621353,30.930013042722976,20.892865862165177,0.07995008230966308,1566.0999755859375,2025-11-28
1566.0999755859375,73.6910117303335,30.762021904628,20.557146344866073,0.08178688548340934,1546.300048828125,2025-12-01
1546.300048828125,54.81855478090197,28.70035922709667,20.142865862165177,0.07924572769891101,1538.800048828125,2025-12-02
1538.800048828125,49.30021630208446,26.159736226442874,20.43572998046875,0.07241745350697737,1535.5999755859375,2025-12-03
1535.5999755859375,46.972290911066246,23.615826480383703,22.400015694754465,0.06951464848629642,1540.5999755859375,2025-12-04
1540.5999755859375,51.13235159400767,21.752468970162,23.328595842633927,0.06144770694941256,1543.0,2025-12-05
1543.0,53.16723783632953,20.236137039683626,23.235735212053573,0.05502159218052613,1529.4000244140625,2025-12-08
1529.4000244140625,41.789493342649315,17.73261810678764,24.135733468191965,0.04847077433146909,1536.9000244140625,2025-12-09
1536.9000244140625,48.766047658950164,16.16738112965504,23.142874581473215,0.045565782063829836,1545.0,2025-12-10
1545.0,55.42360474846766,15.402964101667067,23.735726492745535,0.04201895904119546,1556.5,2025-12-11
1556.5,63.24724653944424,15.545908434705552,23.492876325334823,0.04045003905392139,1556.199951171875,2025-12-12
1556.199951171875,62.914817499954495,15.456804989290504,21.892874581473215,0.03799907833023586,1542.300048828125,2025-12-15
1542.300048828125,49.11584690143331,14.102024553190176,20.857151576450892,0.034647779322194275,1544.4000244140625,2025-12-16
1544.4000244140625,50.98968325730993,13.047399477024555,20.22857666015625,0.030378605215677614,1544.4000244140625,2025-12-17
1544.4000244140625,50.98968325730993,12.072437956073827,20.085719517299108,0.03042630111842129,1565.0999755859375,2025-12-18
1565.0999755859375,66.95817816387128,12.822279730223954,21.221426827566965,0.03206460761904551,1575.4000244140625,2025-12-19
1575.4000244140625,72.1651298069745,14.085296072554229,20.285714285714285,0.03464454359968499,1570.699951171875,2025-12-22
1570.699951171875,66.63617701972672,14.539387978735022,19.814287458147323,0.03587104422627634,1558.199951171875,2025-12-23
1558.199951171875,53.951668168773324,13.732315962452276,18.328569684709823,0.03443274236492734,1559.199951171875,2025-12-24
1559.199951171875,54.74682092832545,13.023273032743873,17.007132393973215,0.034002855500819155,1545.5999755859375,2025-12-26
1545.5999755859375,43.07480177219975,11.234443362638558,16.978559221540177,0.032641130405655056,1539.800048828125,2025-12-29
1539.800048828125,38.98487510802265,9.242238570762993,16.471409388950892,0.03162832455950629,1570.4000244140625,2025-12-30
1570.4000244140625,61.33424246203304,10.017093397992312,17.835693359375,0.033943816510318955,1575.5999755859375,2025-12-31
1575.5999755859375,63.92518585227205,10.924829400010822,17.557120186941965,0.03625356552058913,1592.300048828125,2026-01-01
1592.300048828125,71.10113303690596,12.843718669915006,17.85711669921875,0.04167726156204127,1578.0999755859375,2026-01-02
1578.0999755859375,59.490791538966704,13.067985404281899,19.5999755859375,0.04281954389949847,1507.5999755859375,2026-01-05
1507.5999755859375,30.73764074124537,7.470838425175771,24.199977329799108,0.05082959534860133,1504.199951171875,2026-01-06
1504.199951171875,29.932594399586634,2.729244531874656,25.007123674665177,0.05694366763078409,1470.5999755859375,2026-01-07
1470.5999755859375,23.049097653367923,-3.6971218931723797,26.37139892578125,0.0740715515171556,1475.300048828125,2026-01-08
1475.300048828125,25.803098629082257,-8.31495730210122,25.307120186941965,0.08593872904848891,1483.199951171875,2026-01-09
1483.199951171875,30.618775487138606,-11.207970528944543,26.871407645089285,0.09334068704460886,1452.800048828125,2026-01-12
1452.800048828125,23.768944721660958,-15.771913608406521,28.892839704241073,0.10682203278184392,1458.800048828125,2026-01-13
1458.800048828125,27.464418209396428,-18.689283102475883,29.228559221540177,0.1165045876968978,1458.800048828125,2026-01-14
1458.800048828125,27.464418209396428,-20.761988169311508,28.749991280691965,0.12445530930384159,1457.9000244140625,2026-01-15
1457.9000244140625,27.20107442568768,-22.221095361038806,29.414280482700892,0.13116934212535405,1413.5999755859375,2026-01-16
1413.5999755859375,17.610820884028456,-26.644945684310414,32.18571254185268,0.14459009647967463,1394.0,2026-01-19
1394.0,14.924577766793519,-31.370809993622743,31.385716029575892,0.15792840330679078,1404.5999755859375,2026-01-20
1404.5999755859375,22.318588324420688,-33.87032602974841,32.65714808872768,0.1651477128887472,1402.5,2026-01-21
1402.5,21.883821492949124,-35.610169113001575,33.05000523158482,0.1715174923401233,1386.0999755859375,2026-01-22
1386.0999755859375,18.61602634783887,-37.875744198575376,32.30000523158482,0.17828275832867435,1380.5,2026-01-23
1380.5,17.581644929041687,-39.66585670041195,28.142865862165177,0.1850354948449474,1396.699951171875,2026-01-27
1396.699951171875,30.476108443670412,-39.32403014312126,28.671439034598215,0.18698884914680275,1391.0,2026-01-28
1391.0,28.65598827335279,-39.06277717726698,27.492876325334823,0.18161223393655995,1395.4000244140625,2026-01-29
1395.4000244140625,32.25945956923391,-38.06193285272889,27.821446010044642,0.17014730272461742,1390.4000244140625,2026-01-30
1390.4000244140625,30.255752093749038,-37.242901739740546,29.650015694754465,0.14758977018463115,1437.0999755859375,2026-02-02
1437.0999755859375,58.22142148613322,-32.451437933919124,33.79286411830357,0.11741033415421882,1456.800048828125,2026-02-03
1456.800048828125,65.04385979686262,-26.75610930395419,33.80000523158482,0.10828831294365246,1443.4000244140625,2026-02-04
1443.4000244140625,57.65453000669516,-23.05799213340606,35.371433803013396,0.09759493108439848,1450.800048828125,2026-02-05
1450.800048828125,60.51296757311741,-19.307522406830458,34.971435546875,0.09479131213029428,1461.5999755859375,2026-02-06
1461.5999755859375,64.5434230118282,-15.2875588351651,32.15000697544643,0.09227042705931358,1458.5,2026-02-09
1458.5,62.43286044708959,-12.211089031340862,31.635724748883927,0.08713479613466109,1468.699951171875,2026-02-10
1468.699951171875,66.58162926449882,-8.84792041313699,29.9571533203125,0.0897536259492985,1448.9000244140625,2026-02-11
1448.9000244140625,53.37815889972742,-7.691609579975193,30.171439034598215,0.08846072098077808,1419.5999755859375,2026-02-12
1419.5999755859375,39.87612271103581,-9.035340206037972,30.771432059151785,0.08571739556537648,1437.0999755859375,2026-02-13
1437.0999755859375,48.80121899143571,-8.58914237510703,31.25,0.08320478301121619,1423.0,2026-02-16
1423.0,42.88314037041539,-9.266459592770161,30.471426827566965,0.08299833557751386,1441.300048828125,2026-02-17
1441.300048828125,51.66169938395892,-8.231687596470465,30.75714111328125,0.08145912404918174,1409.5,2026-02-18
1409.5,39.49175077265421,-9.863916422166085,32.43571254185268,0.08100044658428672,1419.4000244140625,2026-02-19
1419.4000244140625,44.212524163425456,-10.240573338929153,29.678571428571427,0.07969587311733445,1428.0,2026-02-20
1428.0,48.25870008743869,-9.732935282940161,23.785714285714285,0.07515268872421639,1428.800048828125,2026-02-23
1428.800048828125,48.658409659577835,-9.16047495896214,23.171430315290177,0.06824177783640274,1398.5,2026-02-24
1398.5,36.377832588715904,-11.024671193314589,24.957144601004465,0.0678810328738435,1406.800048828125,2026-02-25
1406.800048828125,41.07810266684829,-11.6974743627909,25.078569684709823,0.06471868807727833,1393.9000244140625,2026-02-26
1393.9000244140625,36.2724826636837,-13.120356578598603,25.592860630580358,0.06506889935064039,1358.0,2026-02-27
1358.0,26.367393826286104,-16.949450215711295,27.99285888671875,0.07577298831601775,1345.0,2026-03-02
1345.0,23.667035089747273,-20.79333326227288,30.464285714285715,0.09240822409045171,1389.4000244140625,2026-03-04
1389.4000244140625,45.61596844051955,-20.026079191508188,32.357142857142854,0.09265609349012213,1404.800048828125,2026-03-05
1404.800048828125,51.22843871621652,-17.968244804556434,32.39286586216518,0.09216195832083211,1424.0,2026-03-06
1424.0,57.53307568810537,-14.619595036914234,34.471444266183035,0.08997199300796206,1408.800048828125,2026-03-09
1408.800048828125,51.456941326684664,-13.041935682393387,35.35716029575893,0.0855218486632633,1390.199951171875,2026-03-10
1390.199951171875,44.77950167615556,-13.141020209892758,37.321446010044646,0.08213528072188252,1392.199951171875,2026-03-11
1392.199951171875,45.65447035671633,-12.909351162094026,36.378592354910715,0.0739744474545467,1380.699951171875,2026-03-12
1380.699951171875,41.311572055716645,-13.498107877783696,36.457162039620535,0.0708861497728922,1395.0999755859375,2026-03-13
1395.0999755859375,48.40300577443799,-12.6568400194069,37.685738699776785,0.07050202789845751,1397.5999755859375,2026-03-16
1397.5999755859375,49.622398898733174,-11.65405933242323,37.64288330078125,0.06700607081073738,1408.0999755859375,2026-03-17
1408.0999755859375,54.79921260500038,-9.89798831746566,35.407174246651785,0.06567642862320237,1384.800048828125,2026-03-18
1384.800048828125,43.38433702508113,-10.26803523152671,36.735743931361604,0.06062817887958519,1414.4000244140625,2026-03-19
1414.4000244140625,56.627600442787546,-8.079691767237591,38.371451241629465,0.06109076193146838,1407.800048828125,2026-03-20
1407.800048828125,53.41315866065499,-6.799595176519006,36.385733468191965,0.05983771044010101,1411.800048828125,2026-03-23
1411.800048828125,55.191847626795244,-5.400093913972569,33.871451241629465,0.057190228174802155,1413.0999755859375,2026-03-24
1413.0999755859375,55.8242987906037,-4.138381173018615,31.592878069196427,0.0542651473571533,1348.0999755859375,2026-03-25
1348.0999755859375,30.76816894031562,-8.287883940954998,33.964303152901785,0.06247553851090765,1343.9000244140625,2026-03-27
1343.9000244140625,29.77190118408984,-11.779508893180491,31.9285888671875,0.06958192979863367,1369.199951171875,2026-03-30
1369.199951171875,42.67372423127372,-12.362645295090715,32.61430140904018,0.07093422155095942,1350.5,2026-04-01
1350.5,36.893333653518965,-14.170367694399829,31.9571533203125,0.0725463103007269,1304.699951171875,2026-04-02
1304.699951171875,26.68019865971236,-19.07875389445644,34.757149832589285,0.08663307720839246,1293.5999755859375,2026-04-06
